--------------------------------------------------------
--  파일이 생성됨 - 수요일-1월-20-2021   
--------------------------------------------------------
--------------------------------------------------------
--  DDL for Table EDU_PERSON
--------------------------------------------------------

  CREATE TABLE "EDU_PERSON" 
   (	"ID" VARCHAR2(25 BYTE), 
	"PASS" VARCHAR2(50 BYTE), 
	"NAME" VARCHAR2(30 BYTE), 
	"POSITION" VARCHAR2(25 BYTE), 
	"STATUS" NUMBER(1,0) DEFAULT 0
   ) SEGMENT CREATION IMMEDIATE 
  PCTFREE 10 PCTUSED 40 INITRANS 1 MAXTRANS 255 NOCOMPRESS LOGGING
  STORAGE(INITIAL 65536 NEXT 1048576 MINEXTENTS 1 MAXEXTENTS 2147483645
  PCTINCREASE 0 FREELISTS 1 FREELIST GROUPS 1 BUFFER_POOL DEFAULT FLASH_CACHE DEFAULT CELL_FLASH_CACHE DEFAULT)
  TABLESPACE "SYSTEM" ;
--------------------------------------------------------
--  DDL for Table MAJOR_LIST
--------------------------------------------------------

  CREATE TABLE "MAJOR_LIST" 
   (	"MNO" NUMBER, 
	"MNAME" VARCHAR2(30 BYTE)
   ) SEGMENT CREATION IMMEDIATE 
  PCTFREE 10 PCTUSED 40 INITRANS 1 MAXTRANS 255 NOCOMPRESS LOGGING
  STORAGE(INITIAL 65536 NEXT 1048576 MINEXTENTS 1 MAXEXTENTS 2147483645
  PCTINCREASE 0 FREELISTS 1 FREELIST GROUPS 1 BUFFER_POOL DEFAULT FLASH_CACHE DEFAULT CELL_FLASH_CACHE DEFAULT)
  TABLESPACE "SYSTEM" ;
--------------------------------------------------------
--  DDL for Table STUDENT
--------------------------------------------------------

  CREATE TABLE "STUDENT" 
   (	"SNO" VARCHAR2(10 BYTE), 
	"NAME" VARCHAR2(30 BYTE), 
	"MAJOR" NUMBER, 
	"SCORE" NUMBER(3,2) DEFAULT 0.00
   ) SEGMENT CREATION IMMEDIATE 
  PCTFREE 10 PCTUSED 40 INITRANS 1 MAXTRANS 255 NOCOMPRESS LOGGING
  STORAGE(INITIAL 65536 NEXT 1048576 MINEXTENTS 1 MAXEXTENTS 2147483645
  PCTINCREASE 0 FREELISTS 1 FREELIST GROUPS 1 BUFFER_POOL DEFAULT FLASH_CACHE DEFAULT CELL_FLASH_CACHE DEFAULT)
  TABLESPACE "SYSTEM" ;
REM INSERTING into EDU_PERSON
SET DEFINE OFF;
Insert into EDU_PERSON (ID,PASS,NAME,POSITION,STATUS) values ('E7022','1234','장희은','사원',0);
Insert into EDU_PERSON (ID,PASS,NAME,POSITION,STATUS) values ('K2299','1234','남혜미','대리',1);
Insert into EDU_PERSON (ID,PASS,NAME,POSITION,STATUS) values ('T9470','1234','유민주','과장',1);
Insert into EDU_PERSON (ID,PASS,NAME,POSITION,STATUS) values ('B6390','1234','원소은','부장',1);
Insert into EDU_PERSON (ID,PASS,NAME,POSITION,STATUS) values ('A0001','1234','홍길동','관리자',1);
REM INSERTING into MAJOR_LIST
SET DEFINE OFF;
Insert into MAJOR_LIST (MNO,MNAME) values (1,'경제');
Insert into MAJOR_LIST (MNO,MNAME) values (2,'경영');
Insert into MAJOR_LIST (MNO,MNAME) values (3,'컴퓨터공학');
Insert into MAJOR_LIST (MNO,MNAME) values (4,'관광');
Insert into MAJOR_LIST (MNO,MNAME) values (5,'게임');
REM INSERTING into STUDENT
SET DEFINE OFF;
Insert into STUDENT (SNO,NAME,MAJOR,SCORE) values ('BY6288','김동수',1,3.44);
Insert into STUDENT (SNO,NAME,MAJOR,SCORE) values ('XZ4104','김시우',2,4.25);
Insert into STUDENT (SNO,NAME,MAJOR,SCORE) values ('UB5061','김준래',3,3.1);
Insert into STUDENT (SNO,NAME,MAJOR,SCORE) values ('AJ5374','박셩우',4,1.42);
Insert into STUDENT (SNO,NAME,MAJOR,SCORE) values ('NV2207','박병상',5,4.39);
Insert into STUDENT (SNO,NAME,MAJOR,SCORE) values ('VN8158','박정현',1,1.87);
Insert into STUDENT (SNO,NAME,MAJOR,SCORE) values ('AP5064','서민우',2,1.43);
Insert into STUDENT (SNO,NAME,MAJOR,SCORE) values ('WV3171','박성용',3,3.95);
Insert into STUDENT (SNO,NAME,MAJOR,SCORE) values ('EK6013','이원구',4,3.71);
Insert into STUDENT (SNO,NAME,MAJOR,SCORE) values ('SD8948','정성수',5,3.93);
Insert into STUDENT (SNO,NAME,MAJOR,SCORE) values ('TA1750','정희우',1,4.02);
Insert into STUDENT (SNO,NAME,MAJOR,SCORE) values ('UP6814','조성수',2,2.73);
Insert into STUDENT (SNO,NAME,MAJOR,SCORE) values ('OP4763','주지우',3,1.71);
Insert into STUDENT (SNO,NAME,MAJOR,SCORE) values ('QA2041','최승수',4,1.78);
Insert into STUDENT (SNO,NAME,MAJOR,SCORE) values ('DU1265','한상오',5,3.86);
Insert into STUDENT (SNO,NAME,MAJOR,SCORE) values ('HO7352','이지원',1,3.02);
Insert into STUDENT (SNO,NAME,MAJOR,SCORE) values ('PW9945','김희연',2,1.94);
Insert into STUDENT (SNO,NAME,MAJOR,SCORE) values ('GR5186','노소정',3,3.28);
Insert into STUDENT (SNO,NAME,MAJOR,SCORE) values ('AY1772','손지해',4,3.57);
--------------------------------------------------------
--  DDL for Index SYS_C007457
--------------------------------------------------------

  CREATE UNIQUE INDEX "SYS_C007457" ON "EDU_PERSON" ("ID") 
  PCTFREE 10 INITRANS 2 MAXTRANS 255 COMPUTE STATISTICS 
  STORAGE(INITIAL 65536 NEXT 1048576 MINEXTENTS 1 MAXEXTENTS 2147483645
  PCTINCREASE 0 FREELISTS 1 FREELIST GROUPS 1 BUFFER_POOL DEFAULT FLASH_CACHE DEFAULT CELL_FLASH_CACHE DEFAULT)
  TABLESPACE "SYSTEM" ;
--------------------------------------------------------
--  DDL for Index SYS_C007460
--------------------------------------------------------

  CREATE UNIQUE INDEX "SYS_C007460" ON "MAJOR_LIST" ("MNO") 
  PCTFREE 10 INITRANS 2 MAXTRANS 255 COMPUTE STATISTICS 
  STORAGE(INITIAL 65536 NEXT 1048576 MINEXTENTS 1 MAXEXTENTS 2147483645
  PCTINCREASE 0 FREELISTS 1 FREELIST GROUPS 1 BUFFER_POOL DEFAULT FLASH_CACHE DEFAULT CELL_FLASH_CACHE DEFAULT)
  TABLESPACE "SYSTEM" ;
--------------------------------------------------------
--  DDL for Index SYS_C007455
--------------------------------------------------------

  CREATE UNIQUE INDEX "SYS_C007455" ON "STUDENT" ("SNO") 
  PCTFREE 10 INITRANS 2 MAXTRANS 255 COMPUTE STATISTICS 
  STORAGE(INITIAL 65536 NEXT 1048576 MINEXTENTS 1 MAXEXTENTS 2147483645
  PCTINCREASE 0 FREELISTS 1 FREELIST GROUPS 1 BUFFER_POOL DEFAULT FLASH_CACHE DEFAULT CELL_FLASH_CACHE DEFAULT)
  TABLESPACE "SYSTEM" ;
--------------------------------------------------------
--  Constraints for Table EDU_PERSON
--------------------------------------------------------

  ALTER TABLE "EDU_PERSON" ADD PRIMARY KEY ("ID")
  USING INDEX PCTFREE 10 INITRANS 2 MAXTRANS 255 COMPUTE STATISTICS 
  STORAGE(INITIAL 65536 NEXT 1048576 MINEXTENTS 1 MAXEXTENTS 2147483645
  PCTINCREASE 0 FREELISTS 1 FREELIST GROUPS 1 BUFFER_POOL DEFAULT FLASH_CACHE DEFAULT CELL_FLASH_CACHE DEFAULT)
  TABLESPACE "SYSTEM"  ENABLE;
  ALTER TABLE "EDU_PERSON" MODIFY ("PASS" NOT NULL ENABLE);
--------------------------------------------------------
--  Constraints for Table MAJOR_LIST
--------------------------------------------------------

  ALTER TABLE "MAJOR_LIST" ADD PRIMARY KEY ("MNO")
  USING INDEX PCTFREE 10 INITRANS 2 MAXTRANS 255 COMPUTE STATISTICS 
  STORAGE(INITIAL 65536 NEXT 1048576 MINEXTENTS 1 MAXEXTENTS 2147483645
  PCTINCREASE 0 FREELISTS 1 FREELIST GROUPS 1 BUFFER_POOL DEFAULT FLASH_CACHE DEFAULT CELL_FLASH_CACHE DEFAULT)
  TABLESPACE "SYSTEM"  ENABLE;
--------------------------------------------------------
--  Constraints for Table STUDENT
--------------------------------------------------------

  ALTER TABLE "STUDENT" ADD PRIMARY KEY ("SNO")
  USING INDEX PCTFREE 10 INITRANS 2 MAXTRANS 255 COMPUTE STATISTICS 
  STORAGE(INITIAL 65536 NEXT 1048576 MINEXTENTS 1 MAXEXTENTS 2147483645
  PCTINCREASE 0 FREELISTS 1 FREELIST GROUPS 1 BUFFER_POOL DEFAULT FLASH_CACHE DEFAULT CELL_FLASH_CACHE DEFAULT)
  TABLESPACE "SYSTEM"  ENABLE;
